title,body,url,created
What moment touched your heart yesterday?,,https://www.reddit.com/r/AskReddit/comments/plh0o4/what_moment_touched_your_heart_yesterday/,1970-01-01 00:00:01.631262755
what would your superhero costume look like?,,https://www.reddit.com/r/AskReddit/comments/pld5l2/what_would_your_superhero_costume_look_like/,1970-01-01 00:00:01.631244703
What crimes can you do without moving a muscle?,,https://www.reddit.com/r/AskReddit/comments/plh3am/what_crimes_can_you_do_without_moving_a_muscle/,1970-01-01 00:00:01.631263160
Why some people have problem with interracial relationships?,,https://www.reddit.com/r/AskReddit/comments/plh31v/why_some_people_have_problem_with_interracial/,1970-01-01 00:00:01.631263125
What do you think about babies and small children being vegetarian?,,https://www.reddit.com/r/AskReddit/comments/plh2k1/what_do_you_think_about_babies_and_small_children/,1970-01-01 00:00:01.631263048
What are you going to say if for 15 seconds you have the world's attention?,,https://www.reddit.com/r/AskReddit/comments/plh2i7/what_are_you_going_to_say_if_for_15_seconds_you/,1970-01-01 00:00:01.631263038
"smokers of reddit, what's it like?",,https://www.reddit.com/r/AskReddit/comments/plh2f2/smokers_of_reddit_whats_it_like/,1970-01-01 00:00:01.631263026
Which serial killer do you find the most fascinating?,,https://www.reddit.com/r/AskReddit/comments/plh2dz/which_serial_killer_do_you_find_the_most/,1970-01-01 00:00:01.631263021
What‚Äôs the worst website you have ever been to?,,https://www.reddit.com/r/AskReddit/comments/plh2dp/whats_the_worst_website_you_have_ever_been_to/,1970-01-01 00:00:01.631263019
When was the moment you realised you fucked up?,,https://www.reddit.com/r/AskReddit/comments/plh2dc/when_was_the_moment_you_realised_you_fucked_up/,1970-01-01 00:00:01.631263017
What's the most uncomfortable sex position?,,https://www.reddit.com/r/AskReddit/comments/plh29b/whats_the_most_uncomfortable_sex_position/,1970-01-01 00:00:01.631262999
People who are from a mixed background. How do you explain your ethnicity to people who are curious?,,https://www.reddit.com/r/AskReddit/comments/plh1xd/people_who_are_from_a_mixed_background_how_do_you/,1970-01-01 00:00:01.631262942
What‚Äôs the most historically accurate writing in the Bible?,,https://www.reddit.com/r/AskReddit/comments/plh12e/whats_the_most_historically_accurate_writing_in/,1970-01-01 00:00:01.631262815
What‚Äôs a great starting job for someone who‚Äôs older (27) that‚Äôs never worked a day in their life?,,https://www.reddit.com/r/AskReddit/comments/plh0vg/whats_a_great_starting_job_for_someone_whos_older/,1970-01-01 00:00:01.631262787
What is that one thing that you'd say to a celebrity if you ever got a chance?,,https://www.reddit.com/r/AskReddit/comments/plh0uo/what_is_that_one_thing_that_youd_say_to_a/,1970-01-01 00:00:01.631262784
What would you do if your crush said she used to be of the opposite sex?,,https://www.reddit.com/r/AskReddit/comments/plh0pb/what_would_you_do_if_your_crush_said_she_used_to/,1970-01-01 00:00:01.631262759
Did you ever learn something good from a movie ? What is it ?,,https://www.reddit.com/r/AskReddit/comments/plh0mf/did_you_ever_learn_something_good_from_a_movie/,1970-01-01 00:00:01.631262746
"to all the very smart people, on a scale of 1-10, 10 being the best, can reddit be one of the best/reliable resources to learn a topic/skill specifically when it comes to big subreddits like the one for excel, or cscareerquestions as an example, where they have their own wiki pages & why or why not?",,https://www.reddit.com/r/AskReddit/comments/plgzwx/to_all_the_very_smart_people_on_a_scale_of_110_10/,1970-01-01 00:00:01.631262639
What is the biggest hypochondriac moment you have seen or had happen to you?,,https://www.reddit.com/r/AskReddit/comments/plgzwe/what_is_the_biggest_hypochondriac_moment_you_have/,1970-01-01 00:00:01.631262637
What is the first game you ever played?,,https://www.reddit.com/r/AskReddit/comments/plgzpz/what_is_the_first_game_you_ever_played/,1970-01-01 00:00:01.631262611
what chrome extensions that are useful to you?,,https://www.reddit.com/r/AskReddit/comments/plgz3a/what_chrome_extensions_that_are_useful_to_you/,1970-01-01 00:00:01.631262518
"What is a song that is so connected to the time it was written and recorded, simply listening to it makes you feel transported back to that time?",,https://www.reddit.com/r/AskReddit/comments/plgyzo/what_is_a_song_that_is_so_connected_to_the_time/,1970-01-01 00:00:01.631262502
What would you eat if it was your final meal?,,https://www.reddit.com/r/AskReddit/comments/plgylo/what_would_you_eat_if_it_was_your_final_meal/,1970-01-01 00:00:01.631262440
"People who have felt pain in a dream, what was the most pain you experienced in one?",,https://www.reddit.com/r/AskReddit/comments/plgykx/people_who_have_felt_pain_in_a_dream_what_was_the/,1970-01-01 00:00:01.631262437
Your browser history gets revealed. What does everyone learn about you that wanted to keep secret?,,https://www.reddit.com/r/AskReddit/comments/plgyka/your_browser_history_gets_revealed_what_does/,1970-01-01 00:00:01.631262434
What‚Äôs the real reason your still up this late ?,,https://www.reddit.com/r/AskReddit/comments/plgyjn/whats_the_real_reason_your_still_up_this_late/,1970-01-01 00:00:01.631262431
Readers of Reddit what books are a must read before you die?,,https://www.reddit.com/r/AskReddit/comments/plgy26/readers_of_reddit_what_books_are_a_must_read/,1970-01-01 00:00:01.631262359
"How would you personally explain the differences between a cute girl, a sexy girl and a hot girl?",,https://www.reddit.com/r/AskReddit/comments/plgxzt/how_would_you_personally_explain_the_differences/,1970-01-01 00:00:01.631262350
"What was your experience when you went on a date, really liked the other person but didn't get a 2nd date?",,https://www.reddit.com/r/AskReddit/comments/plgxz8/what_was_your_experience_when_you_went_on_a_date/,1970-01-01 00:00:01.631262346
What is state of eligibility proof in JoSAA? Domicile or 12th passing or 12th marksheet.?,,https://www.reddit.com/r/AskReddit/comments/plgxxq/what_is_state_of_eligibility_proof_in_josaa/,1970-01-01 00:00:01.631262340
What decision do you still regret to this day?,,https://www.reddit.com/r/AskReddit/comments/plgxwj/what_decision_do_you_still_regret_to_this_day/,1970-01-01 00:00:01.631262335
What is the number one motto that you adhere and live by?,,https://www.reddit.com/r/AskReddit/comments/plgxw3/what_is_the_number_one_motto_that_you_adhere_and/,1970-01-01 00:00:01.631262333
What's the most unsatisfying book or movie you've ever encountered?,,https://www.reddit.com/r/AskReddit/comments/plgxvn/whats_the_most_unsatisfying_book_or_movie_youve/,1970-01-01 00:00:01.631262331
What kind of clothes do you wear to Vegas?,,https://www.reddit.com/r/AskReddit/comments/plgxvd/what_kind_of_clothes_do_you_wear_to_vegas/,1970-01-01 00:00:01.631262330
What's one fictional character who you relate to the most?,,https://www.reddit.com/r/AskReddit/comments/plgxui/whats_one_fictional_character_who_you_relate_to/,1970-01-01 00:00:01.631262325
"Halloween üéÉüëª is soon to be approaching, what do you plan on being? What was your favorite costume you have ever been?",,https://www.reddit.com/r/AskReddit/comments/plgxnm/halloween_is_soon_to_be_approaching_what_do_you/,1970-01-01 00:00:01.631262295
what is one thing everyone can agree on?,,https://www.reddit.com/r/AskReddit/comments/plgxjh/what_is_one_thing_everyone_can_agree_on/,1970-01-01 00:00:01.631262278
What myths do you believe in?,,https://www.reddit.com/r/AskReddit/comments/plgxdp/what_myths_do_you_believe_in/,1970-01-01 00:00:01.631262252
"If Reddit existed all the way back in the Stone Age, what questions would be asked here?",,https://www.reddit.com/r/AskReddit/comments/plgx6w/if_reddit_existed_all_the_way_back_in_the_stone/,1970-01-01 00:00:01.631262225
"If home is technically a social construct, what other term could be used for homeless people?",,https://www.reddit.com/r/AskReddit/comments/plgx2f/if_home_is_technically_a_social_construct_what/,1970-01-01 00:00:01.631262209
What do you think about girls with pixie cuts?,,https://www.reddit.com/r/AskReddit/comments/plgwzv/what_do_you_think_about_girls_with_pixie_cuts/,1970-01-01 00:00:01.631262201
What question are you too scared to search on Google?,,https://www.reddit.com/r/AskReddit/comments/plgwz9/what_question_are_you_too_scared_to_search_on/,1970-01-01 00:00:01.631262199
What do you keep reminding yourself of most if the time?,,https://www.reddit.com/r/AskReddit/comments/plgwmw/what_do_you_keep_reminding_yourself_of_most_if/,1970-01-01 00:00:01.631262147
"Twin Peaks fan, what do you love about the show?",,https://www.reddit.com/r/AskReddit/comments/plgw9x/twin_peaks_fan_what_do_you_love_about_the_show/,1970-01-01 00:00:01.631262098
What interesting fact or ‚Äúbig‚Äù truth can we discover by doing math?,,https://www.reddit.com/r/AskReddit/comments/plgvsh/what_interesting_fact_or_big_truth_can_we/,1970-01-01 00:00:01.631262029
What‚Äôs the difference between going to College and going to Uni?,,https://www.reddit.com/r/AskReddit/comments/plgvni/whats_the_difference_between_going_to_college_and/,1970-01-01 00:00:01.631262008
What was your lucky moment of the day?,,https://www.reddit.com/r/AskReddit/comments/plgvlp/what_was_your_lucky_moment_of_the_day/,1970-01-01 00:00:01.631262002
what‚Äôs something you went through that you wouldn‚Äôt wish on your worst enemy?,,https://www.reddit.com/r/AskReddit/comments/plgvjr/whats_something_you_went_through_that_you_wouldnt/,1970-01-01 00:00:01.631261994
"You find out that in the next 30 minutes you are going to explode, what would you do?",,https://www.reddit.com/r/AskReddit/comments/plgvfx/you_find_out_that_in_the_next_30_minutes_you_are/,1970-01-01 00:00:01.631261979
"The Galactic High Council found out that ""Earth"" is copyrighted, it needs a new name. How do we call it?",,https://www.reddit.com/r/AskReddit/comments/plgvey/the_galactic_high_council_found_out_that_earth_is/,1970-01-01 00:00:01.631261976
What is the first thing that you do if you would become a homeless?,,https://www.reddit.com/r/AskReddit/comments/plgv9o/what_is_the_first_thing_that_you_do_if_you_would/,1970-01-01 00:00:01.631261952
What is the first thing that you would do if you become a millionaire?,,https://www.reddit.com/r/AskReddit/comments/plgv23/what_is_the_first_thing_that_you_would_do_if_you/,1970-01-01 00:00:01.631261924
"Successful people of reddit, what was your first job, and what do you do now?",,https://www.reddit.com/r/AskReddit/comments/plgura/successful_people_of_reddit_what_was_your_first/,1970-01-01 00:00:01.631261878
What was the monster that terrorized your childhood called? What did he look like?,,https://www.reddit.com/r/AskReddit/comments/plguqy/what_was_the_monster_that_terrorized_your/,1970-01-01 00:00:01.631261877
Men and Woman of Reddit what was the craziest party experience you every had?,,https://www.reddit.com/r/AskReddit/comments/plgupw/men_and_woman_of_reddit_what_was_the_craziest/,1970-01-01 00:00:01.631261872
Why are you about to go to Incognito mode?,,https://www.reddit.com/r/AskReddit/comments/plgue9/why_are_you_about_to_go_to_incognito_mode/,1970-01-01 00:00:01.631261819
What is something you‚Äôve sworn to never do again?,,https://www.reddit.com/r/AskReddit/comments/plgu4v/what_is_something_youve_sworn_to_never_do_again/,1970-01-01 00:00:01.631261784
What conversations have you overheard in a language they assumed you don't know?,,https://www.reddit.com/r/AskReddit/comments/plgu2n/what_conversations_have_you_overheard_in_a/,1970-01-01 00:00:01.631261776
What was the moment when your favourite tv series or movie saga hit rock bottom?,,https://www.reddit.com/r/AskReddit/comments/plgu0y/what_was_the_moment_when_your_favourite_tv_series/,1970-01-01 00:00:01.631261769
What's the most uncomfortable sex position?,,https://www.reddit.com/r/AskReddit/comments/plgu08/whats_the_most_uncomfortable_sex_position/,1970-01-01 00:00:01.631261766
What's your first move after seeing $1 billion dollars in your bank account?,,https://www.reddit.com/r/AskReddit/comments/plgtve/whats_your_first_move_after_seeing_1_billion/,1970-01-01 00:00:01.631261745
if someone gave you a box with everything you lost in life and you had a chance to get something back ... what would you take ?,,https://www.reddit.com/r/AskReddit/comments/plgtsu/if_someone_gave_you_a_box_with_everything_you/,1970-01-01 00:00:01.631261733
Who is the most misunderstood historical figure?,,https://www.reddit.com/r/AskReddit/comments/plgtsn/who_is_the_most_misunderstood_historical_figure/,1970-01-01 00:00:01.631261732
What's the funniest thing that has happened while you were in the middle of shmexy time?,,https://www.reddit.com/r/AskReddit/comments/plgtlz/whats_the_funniest_thing_that_has_happened_while/,1970-01-01 00:00:01.631261705
What was the longest amount of hours you have stayed up for and why?,,https://www.reddit.com/r/AskReddit/comments/plgtk4/what_was_the_longest_amount_of_hours_you_have/,1970-01-01 00:00:01.631261698
What can cause a body to spontaneously combust?,,https://www.reddit.com/r/AskReddit/comments/plgteu/what_can_cause_a_body_to_spontaneously_combust/,1970-01-01 00:00:01.631261680
What did you do to get out of depression?,,https://www.reddit.com/r/AskReddit/comments/plgt2q/what_did_you_do_to_get_out_of_depression/,1970-01-01 00:00:01.631261628
Asking as a waitress: would it make customers more comfortable if one wears a mask while serving them when the masks laws are lifted?,,https://www.reddit.com/r/AskReddit/comments/plgsvo/asking_as_a_waitress_would_it_make_customers_more/,1970-01-01 00:00:01.631261594
What are some good jokes to tell at a wedding?,,https://www.reddit.com/r/AskReddit/comments/plgsp6/what_are_some_good_jokes_to_tell_at_a_wedding/,1970-01-01 00:00:01.631261567
"Fat people, why are you fat?",,https://www.reddit.com/r/AskReddit/comments/plgson/fat_people_why_are_you_fat/,1970-01-01 00:00:01.631261565
"If Reddit shut down, what social media platform would you move on to?",,https://www.reddit.com/r/AskReddit/comments/plgsmc/if_reddit_shut_down_what_social_media_platform/,1970-01-01 00:00:01.631261558
What are the best martial arts for self-defense in a street fight?,,https://www.reddit.com/r/AskReddit/comments/plgskt/what_are_the_best_martial_arts_for_selfdefense_in/,1970-01-01 00:00:01.631261550
"Customs Officers of Reddit, what is the strangest thing somebody has tried to bring into your country (other than drugs) ?",,https://www.reddit.com/r/AskReddit/comments/plgs7q/customs_officers_of_reddit_what_is_the_strangest/,1970-01-01 00:00:01.631261496
"Pot smokers of Reddit, how has the pandemic effected the ""puff puff pass rule"" when hanging out with your fellow smokers?",,https://www.reddit.com/r/AskReddit/comments/plgs7h/pot_smokers_of_reddit_how_has_the_pandemic/,1970-01-01 00:00:01.631261495
What happened for you to realize that the friends you were with were not friends?,,https://www.reddit.com/r/AskReddit/comments/plgrte/what_happened_for_you_to_realize_that_the_friends/,1970-01-01 00:00:01.631261433
What are the most iconic villain quotes?,,https://www.reddit.com/r/AskReddit/comments/plgrsy/what_are_the_most_iconic_villain_quotes/,1970-01-01 00:00:01.631261431
In big concerts what all things happens back stage?,,https://www.reddit.com/r/AskReddit/comments/plgrqu/in_big_concerts_what_all_things_happens_back_stage/,1970-01-01 00:00:01.631261423
What is an iconic food dish where you are from and what‚Äôs the name of your favorite spot to get it?,,https://www.reddit.com/r/AskReddit/comments/plgrl5/what_is_an_iconic_food_dish_where_you_are_from/,1970-01-01 00:00:01.631261398
What‚Äôs it like at overnight camps?,,https://www.reddit.com/r/AskReddit/comments/plgrje/whats_it_like_at_overnight_camps/,1970-01-01 00:00:01.631261390
What‚Äôs the cringiest slang in your opinion?,,https://www.reddit.com/r/AskReddit/comments/plgrbl/whats_the_cringiest_slang_in_your_opinion/,1970-01-01 00:00:01.631261358
"People who are sure they‚Äôre having kids, why?",,https://www.reddit.com/r/AskReddit/comments/plgrb6/people_who_are_sure_theyre_having_kids_why/,1970-01-01 00:00:01.631261356
How do you escape your problems?,,https://www.reddit.com/r/AskReddit/comments/plgr8z/how_do_you_escape_your_problems/,1970-01-01 00:00:01.631261347
"Samurai Jack vs Venom, who would win?",,https://www.reddit.com/r/AskReddit/comments/plgr8c/samurai_jack_vs_venom_who_would_win/,1970-01-01 00:00:01.631261345
What‚Äôs something in your life that seems like it was straight outta a movie?,,https://www.reddit.com/r/AskReddit/comments/plgr5n/whats_something_in_your_life_that_seems_like_it/,1970-01-01 00:00:01.631261336
Do You Greatly Miss The Year 2007? Why Or Why Not?,,https://www.reddit.com/r/AskReddit/comments/plgr4j/do_you_greatly_miss_the_year_2007_why_or_why_not/,1970-01-01 00:00:01.631261332
"what are the stories behind your scars/tattoos, if you have any?",,https://www.reddit.com/r/AskReddit/comments/plgr1u/what_are_the_stories_behind_your_scarstattoos_if/,1970-01-01 00:00:01.631261319
"If you can move to any country you want, which one will you choose ?",,https://www.reddit.com/r/AskReddit/comments/plgr0y/if_you_can_move_to_any_country_you_want_which_one/,1970-01-01 00:00:01.631261316
What is the funniest/coolest tik tok video you‚Äôve seen?,,https://www.reddit.com/r/AskReddit/comments/plgqmu/what_is_the_funniestcoolest_tik_tok_video_youve/,1970-01-01 00:00:01.631261258
"What is something that shouldn‚Äôt be taboo, but is?",,https://www.reddit.com/r/AskReddit/comments/plgql0/what_is_something_that_shouldnt_be_taboo_but_is/,1970-01-01 00:00:01.631261251
What song (in another language you don't understand) do you love?,,https://www.reddit.com/r/AskReddit/comments/plgq0e/what_song_in_another_language_you_dont_understand/,1970-01-01 00:00:01.631261170
What gets wetter & wetter the more it dries?,,https://www.reddit.com/r/AskReddit/comments/plgpww/what_gets_wetter_wetter_the_more_it_dries/,1970-01-01 00:00:01.631261157
"People of reddit, do any of you feel sad/angry when someone is complimenting/praising you? Especially publicly?",,https://www.reddit.com/r/AskReddit/comments/plgptc/people_of_reddit_do_any_of_you_feel_sadangry_when/,1970-01-01 00:00:01.631261144
"What embarrassed you at the time, but you now laugh about?",,https://www.reddit.com/r/AskReddit/comments/plgpo6/what_embarrassed_you_at_the_time_but_you_now/,1970-01-01 00:00:01.631261125
What‚Äôs your made up superpower?,,https://www.reddit.com/r/AskReddit/comments/plgpg9/whats_your_made_up_superpower/,1970-01-01 00:00:01.631261092
What are some good horror movies are that are not focused on gore?,,https://www.reddit.com/r/AskReddit/comments/plgp96/what_are_some_good_horror_movies_are_that_are_not/,1970-01-01 00:00:01.631261065
How do you think the world would change if there was definitive evidence of God's nonexistence?,,https://www.reddit.com/r/AskReddit/comments/plgp72/how_do_you_think_the_world_would_change_if_there/,1970-01-01 00:00:01.631261058
"If you somehow magically got a billion $ in cash, what's the first thing that you'll spend it on?",,https://www.reddit.com/r/AskReddit/comments/plgp5e/if_you_somehow_magically_got_a_billion_in_cash/,1970-01-01 00:00:01.631261051
"Authors of Reddit, what advice would you give an aspiring author?",,https://www.reddit.com/r/AskReddit/comments/plgozs/authors_of_reddit_what_advice_would_you_give_an/,1970-01-01 00:00:01.631261029
Which 2 movie worlds you want to see collide ?,,https://www.reddit.com/r/AskReddit/comments/plgoq2/which_2_movie_worlds_you_want_to_see_collide/,1970-01-01 00:00:01.631260990
What would you do if you were the prettiest human alive ?,,https://www.reddit.com/r/AskReddit/comments/plgog0/what_would_you_do_if_you_were_the_prettiest_human/,1970-01-01 00:00:01.631260949
